{
  "nodes": {
    "tiny-png#1": {
      "contentWidth": 523.804479645979,
      "rfNode": {
        "position": {
          "x": 889.198224908946,
          "y": 203.9301460357199
        }
      }
    }
  }
}