{
  "nodes": {
    "tiny-png#1": {
      "contentWidth": 523.804479645979,
      "rfNode": {
        "position": {
          "x": 976.6961192291408,
          "y": 289.9697421172447
        }
      }
    },
    "tiny-pngs#1": {
      "contentWidth": 450,
      "rfNode": {
        "position": {
          "x": 398.96966890961835,
          "y": 232.09182624188117
        }
      }
    }
  }
}